"","title.variant","title.standard"
"1","ACCOUNTANT","ACCOUNTANT"
"2","ACTOR","ACTOR"
"3","ADMINISTRATION ASSISTANT","ADMINISTRATIVE ASSISTANT"
"4","ADMINISTRATIVE ASSISTANT","ADMINISTRATIVE ASSISTANT"
"5","ADMINISTRATION","ADMINISTRATOR"
"6","ADMINISTRATOR","ADMINISTRATOR"
"7","ALTERNATE","ALTERNATE"
"8","AMBASSADOR","AMBASSADOR"
"9","ANALYST LBA","ANALYST"
"10","ARCHITECT","ARCHITECT"
"11","ARCHIVES DIRECTOR","ARCHIVES DIRECTOR"
"12","ARCHIVIST","ARCHIVIST"
"13","ARTIST","ARTIST"
"14","EXECUTIVE ARTIST","ARTIST"
"15","ARTISTIC DIRECTOR","ARTISTIC DIRECTOR"
"16","PRODUCING ARTISTIC DIRECTOR","ARTISTIC DIRECTOR"
"17","ASSISTANT","ASSISTANT"
"18","ASSISTANT BUSINESS AGENT","ASSISTANT BUSINESS AGENT"
"19","ASSISTANT CEO","ASSISTANT CEO"
"20","ASSISTANT CLERK","ASSISTANT CLERK"
"21","ASSISTANT CURATOR","ASSISTANT CURATOR"
"22","ASSISTANT DIRECTOR","ASSISTANT DIRECTOR"
"23","ASSISTANT REGISTRAR","ASSISTANT REGISTRAR"
"24","ASSISTANT SECRETARY","ASSISTANT SECRETARY"
"25","ASSISTANT TREASURER","ASSISTANT TREASURER"
"26","VICE TREASURER","ASSISTANT TREASURER"
"27","ASSISTANT VICE PRESIDENT","ASSISTANT VICE PRESIDENT"
"28","AVP","ASSISTANT VICE PRESIDENT"
"29","ASSOCIATE ARTISTIC DIRECTOR","ASSOCIATE ARTISTIC DIRECTOR"
"30","ASSOCIATE CEO","ASSOCIATE CEO"
"31","ASSOCIATE DIRECTOR","ASSOCIATE DIRECTOR"
"32","ATTORNEY","ATTORNEY"
"33","AUDITOR","AUDITOR"
"34","BAND DIRECTOR","BAND DIRECTOR"
"35","AD HOC","BOARD MEMBER"
"36","ADJUNCT TRUSTEE","BOARD MEMBER"
"37","ADMINISTRATION COMMITTEE","BOARD MEMBER"
"38","ADVANCEMENT BOARD","BOARD MEMBER"
"39","ADVISOR","BOARD MEMBER"
"40","ADVISORY","BOARD MEMBER"
"41","ADVISORY BOARD","BOARD MEMBER"
"42","ADVISORY BOARD MEMBER","BOARD MEMBER"
"43","ADVISORY COMMITTEE MEMBER","BOARD MEMBER"
"44","ADVISORY COUNCIL","BOARD MEMBER"
"45","ADVISORY MEMBER","BOARD MEMBER"
"46","ADVISORY TRUSTEE","BOARD MEMBER"
"47","ALTERNATIVE BOARD MEMBER","BOARD MEMBER"
"48","AR LARGE MEMBER","BOARD MEMBER"
"49","ASSISTANT DIRECTOR","BOARD MEMBER"
"50","ASSOCIATE BOARD MEMBER","BOARD MEMBER"
"51","ASSOCIATE DIRECTOR","BOARD MEMBER"
"52","AT LARGE","BOARD MEMBER"
"53","B MEMBER","BOARD MEMBER"
"54","BOARD","BOARD MEMBER"
"55","BOARD DIRECTOR","BOARD MEMBER"
"56","BOARD MANAGER","BOARD MEMBER"
"57","BOARD MEMBER","BOARD MEMBER"
"58","BOARD MEMBER OF FINANCE COMMITTEE","BOARD MEMBER"
"59","BOARD MEMBER VOTING","BOARD MEMBER"
"60","BOARD MEMBERS","BOARD MEMBER"
"61","BOARD OF DIRECTORS","BOARD MEMBER"
"62","BOARD OF DIRECTOR","BOARD MEMBER"
"63","BOARD OF DIRECTORS MEMBER","BOARD MEMBER"
"64","BOARD OF OVERSEER","BOARD MEMBER"
"65","BOARD OF OVERSEERS","BOARD MEMBER"
"66","BOARD OF TRUSTEES","BOARD MEMBER"
"67","BOARD POSITION","BOARD MEMBER"
"68","BOARD TRUSTEE","BOARD MEMBER"
"69","BUILDING FUND COMMITTEE","BOARD MEMBER"
"70","CHAPTER DIRECTOR","BOARD MEMBER"
"71","COLONY BOARD MEMBER","BOARD MEMBER"
"72","COMMANDER GENERAL","BOARD MEMBER"
"73","COMMANDER IN CHIEF","BOARD MEMBER"
"74","COMMITTEE","BOARD MEMBER"
"75","COMMITTEE MEMBER","BOARD MEMBER"
"76","COUNCIL","BOARD MEMBER"
"77","COUNCILOR","BOARD MEMBER"
"78","DEPUTY BOARD MEMBER","BOARD MEMBER"
"79","DIRECTOR","BOARD MEMBER"
"80","DIRECTOR BOARD MEMBER","BOARD MEMBER"
"81","DIRECTOR DIS","BOARD MEMBER"
"82","DIRECTOR NONVOTING","BOARD MEMBER"
"83","DIRECTOR TRUSTEE","BOARD MEMBER"
"84","ELECTED DIRECTOR","BOARD MEMBER"
"85","EX-OFFICIO","BOARD MEMBER"
"86","EXECUTIVE","BOARD MEMBER"
"87","EXECUTIVE BOARD","BOARD MEMBER"
"88","EXECUTIVE BOARD M","BOARD MEMBER"
"89","EXECUTIVE BOARD MEMBER","BOARD MEMBER"
"90","EXECUTIVE BOARD MEMBER LG","BOARD MEMBER"
"91","EXECUTIVE COMMITTEE","BOARD MEMBER"
"92","EXECUTIVE COMMITTEE MEMBER","BOARD MEMBER"
"93","EXECUTIVE EDITOR","BOARD MEMBER"
"94","EXECUTIVE MEMBER","BOARD MEMBER"
"95","FINANCE BOARD","BOARD MEMBER"
"96","GENERAL OFFICER","BOARD MEMBER"
"97","GOVERNANCE COMMITTEE","BOARD MEMBER"
"98","GOVERNING BOARD MEMBER","BOARD MEMBER"
"99","GOVERNING COMMITTEE","BOARD MEMBER"
"100","GOVERNOR","BOARD MEMBER"
"101","HON BOARD MEMBER","BOARD MEMBER"
"102","HONORARY BOARD","BOARD MEMBER"
"103","HONORARY BOARD MEMBER","BOARD MEMBER"
"104","HONORARY CHAIR","BOARD MEMBER"
"105","HONORARY DIRECTOR","BOARD MEMBER"
"106","HONORARY MEMBER","BOARD MEMBER"
"107","HONORARY PRESIDENT","BOARD MEMBER"
"108","HONORARY TRUSTEE","BOARD MEMBER"
"109","INDIVIDUAL TRUSTEE","BOARD MEMBER"
"110","LABOR TRUSTEE","BOARD MEMBER"
"111","LIFE TRUSTEE","BOARD MEMBER"
"112","MANAGEMENT COMMITTEE","BOARD MEMBER"
"113","MANAGEMENT TRUSTEE","BOARD MEMBER"
"114","MEMBER","BOARD MEMBER"
"115","MEMBER AND BOARD OF TRUSTEES","BOARD MEMBER"
"116","MEMBER AT LG","BOARD MEMBER"
"117","MEMBER AT LGE","BOARD MEMBER"
"118","MEMBER AT LRG","BOARD MEMBER"
"119","MEMBER BOARD OF DIRECTORS","BOARD MEMBER"
"120","MEMBER BOARD OF TRUSTEES","BOARD MEMBER"
"121","MEMBER OF BOARD","BOARD MEMBER"
"122","MEMBER PART","BOARD MEMBER"
"123","MEMBER TRUSTEE","BOARD MEMBER"
"124","MUSICIAN TRUSTEE","BOARD MEMBER"
"125","OFFICER","BOARD MEMBER"
"126","PARLIAMENTARIAN","BOARD MEMBER"
"127","PARLIMENTARIAN","BOARD MEMBER"
"128","PROGRAMMING","BOARD MEMBER"
"129","PUBLIC MEMBER","BOARD MEMBER"
"130","PUBLIC TRUSTEE","BOARD MEMBER"
"131","REGENT","BOARD MEMBER"
"132","REGIONAL BOARD MEMBER","BOARD MEMBER"
"133","REGIONAL CHAIR","BOARD MEMBER"
"134","REGIONAL DIRECTOR","BOARD MEMBER"
"135","REGIONAL PRESIDENT","BOARD MEMBER"
"136","REGIONAL TRUSTEE","BOARD MEMBER"
"137","RSA OFFICER","BOARD MEMBER"
"138","SENIOR DIRECTOR","BOARD MEMBER"
"139","STANDING COMMITTEE MEMBER","BOARD MEMBER"
"140","STUDENT BOARD MEMBER","BOARD MEMBER"
"141","TRUSTEE","BOARD MEMBER"
"142","TRUSTEE ADVISORY","BOARD MEMBER"
"143","TRUSTEE DIVERSI","BOARD MEMBER"
"144","TRUSTEE MEMBER","BOARD MEMBER"
"145","TRUSTEE OF ARTIST","BOARD MEMBER"
"146","TRUSTEE OF DEVELOPMENT","BOARD MEMBER"
"147","TRUSTEE OF EXECUTIVE COMMITTEE","BOARD MEMBER"
"148","TRUSTEE OF FINANCE","BOARD MEMBER"
"149","TRUSTEE OF MARKETING","BOARD MEMBER"
"150","TRUSTEE REPRESENTATIVE","BOARD MEMBER"
"151","TRUSTEE VARIOUS","BOARD MEMBER"
"152","VOTING MEMBER","BOARD MEMBER"
"153","ADVISORY BOARD CHAIR","BOARD PRESIDENT"
"154","BOARD CHAIR","BOARD PRESIDENT"
"155","BOARD PRESIDENT","BOARD PRESIDENT"
"156","BPS PRESIDENT","BOARD PRESIDENT"
"157","CHAIR","BOARD PRESIDENT"
"158","CHAIR BOARD","BOARD PRESIDENT"
"159","CHAIR BOARD OF DIRECTORS","BOARD PRESIDENT"
"160","CHAIR BOARD OF TRUSTEES","BOARD PRESIDENT"
"161","CHAIR DIRECTOR","BOARD PRESIDENT"
"162","CHAIR OF BOARD","BOARD PRESIDENT"
"163","CHAIR OF BOARD OF TRUSTEES","BOARD PRESIDENT"
"164","CHAIR OF BOARD OFFICER","BOARD PRESIDENT"
"165","CHAIR PRESIDENT","BOARD PRESIDENT"
"166","CHANCELLOR","BOARD PRESIDENT"
"167","CHARIMAN","BOARD PRESIDENT"
"168","COMMITTEE DIRECTOR","BOARD PRESIDENT"
"169","COMMODORE","BOARD PRESIDENT"
"170","DIRECTOR CHAIR","BOARD PRESIDENT"
"171","DIRECTOR OF FINANCE COMMITTEE","BOARD PRESIDENT"
"172","GENERAL CHAIR","BOARD PRESIDENT"
"173","GOVERNANCE COMMITTEE CHAIR","BOARD PRESIDENT"
"174","PRESIDENT","BOARD PRESIDENT"
"175","PRESIDENT DIRECTOR","BOARD PRESIDENT"
"176","PRESIDENT GENERAL","BOARD PRESIDENT"
"177","PRESIDENT OF BOARD","BOARD PRESIDENT"
"178","TRUSTEE CHAIR","BOARD PRESIDENT"
"179","TRUSTEE PRESIDENT","BOARD PRESIDENT"
"180","BOARD SECRETARY","BOARD SECRETARY"
"181","CHAIR SECRETARY","BOARD SECRETARY"
"182","CORRESPONDING","BOARD SECRETARY"
"183","CORRESPONDING SECRETARY","BOARD SECRETARY"
"184","GENERAL SECRETARY","BOARD SECRETARY"
"185","JOINT SECRETARY","BOARD SECRETARY"
"186","MEMBER SECRETARY","BOARD SECRETARY"
"187","MEMBERSHIP SECRETARY","BOARD SECRETARY"
"188","ORGANIZING SECRETARY","BOARD SECRETARY"
"189","RECORD SECRETARY","BOARD SECRETARY"
"190","RECORDING SECRETARY","BOARD SECRETARY"
"191","SECERTARY","BOARD SECRETARY"
"192","SECRETARY","BOARD SECRETARY"
"193","SECRETARY BOARD","BOARD SECRETARY"
"194","SECRETARY DIRECTOR","BOARD SECRETARY"
"195","STATE CORRESPONDING SECRETARY","BOARD SECRETARY"
"196","STATE ORGANIZING SECRETARY","BOARD SECRETARY"
"197","STATE RECORDING SECRETARY","BOARD SECRETARY"
"198","TRUSTEE SECRETARY","BOARD SECRETARY"
"199","BOARD VICE CHAIR","BOARD VICE PRESIDENT"
"200","BOARD VICE PRESIDENT","BOARD VICE PRESIDENT"
"201","DIRECTOR VICE PRESIDENT","BOARD VICE PRESIDENT"
"202","REGIONAL VICE PRESIDENT","BOARD VICE PRESIDENT"
"203","RVP","BOARD VICE PRESIDENT"
"204","STATE VICE BOARD MEMBER","BOARD VICE PRESIDENT"
"205","TRUSTEE VICE PRESIDENT","BOARD VICE PRESIDENT"
"206","VICE BOARD CHAIR","BOARD VICE PRESIDENT"
"207","VICE BOARD MEMBER","BOARD VICE PRESIDENT"
"208","VICE CHAIR","BOARD VICE PRESIDENT"
"209","VICE CHAIR OF BOARD","BOARD VICE PRESIDENT"
"210","VICE CHARIMA","BOARD VICE PRESIDENT"
"211","VICE CHARIMAN","BOARD VICE PRESIDENT"
"212","VICE CHRMN","BOARD VICE PRESIDENT"
"213","VICE GENERAL CHAIR","BOARD VICE PRESIDENT"
"214","VICE PRESIDENT BOARD","BOARD VICE PRESIDENT"
"215","VICE PRESIDENT EXECUTIVE BOARD","BOARD VICE PRESIDENT"
"216","VICE PRESIDENT GENERAL","BOARD VICE PRESIDENT"
"217","VICE PRESIDENT OF EXECUTIVE COMMITTEE","BOARD VICE PRESIDENT"
"218","BOOKKEEPER","BOOKKEEPER"
"219","BUSINESS ADVISOR","BUSINESS ADVISOR"
"220","BUSINESS AGENT","BUSINESS AGENT"
"221","BUSINESS AGE","BUSINESS GAENT"
"222","BUSINESS REPRESENTATIVE","BUSINESS REPRESENTATIVE"
"223","CAO","CAO"
"224","CAPTAIN","CAPTAIN"
"225","BOARD MEMBER CEO","CEO"
"226","CEO","CEO"
"227","CEO FOUNDER","CEO"
"228","CEO PRESIDENT","CEO"
"229","CHANCELLOR","CEO"
"230","CHIEF EXECUTIVE","CEO"
"231","CHIEF EXECUTIVE OFFICER","CEO"
"232","ED","CEO"
"233","EXECDIR","CEO"
"234","EXECUTIVE DIRECTOR","CEO"
"235","FOUNDING CEO","CEO"
"236","HEAD OF SCHOOL","CEO"
"237","HEADMASTER","CEO"
"238","MANAGING DIRECTOR","CEO"
"239","MUSEUM CEO","CEO"
"240","NON VOTING CEO","CEO"
"241","PRESIDENT CEO","CEO"
"242","REGIONAL CEO","CEO"
"243","CFO","CFO"
"244","CHIEF FINANCE","CFO"
"245","CHIEF FINANCE AND AND ADMINISTRATION","CFO"
"246","CHIEF FINANCE OFFICER","CFO"
"247","CHIEF FINANCIAL OFFICER","CFO"
"248","CHIEF OF OPERATIONS AND FINANCE","CFO"
"249","FISCAL OFFICER","CFO"
"250","CHAPLAIN","CHAPLAIN"
"251","CHAPLAIN GENERAL","CHAPLAIN"
"252","CHAPLIN","CHAPLAIN"
"253","STATE CHAPLAIN","CHAPLAIN"
"254","CHEF","CHEF"
"255","CHIEF","CHIEF"
"256","CHIEF ACCOUN","CHIEF ACCOUNTANT"
"257","CHIEF ACCOUNTANT","CHIEF ACCOUNTANT"
"258","ADJUTANT","CHIEF ADMINISTRATIVE OFFICER"
"259","ADJUTANT GENERAL","CHIEF ADMINISTRATIVE OFFICER"
"260","CHIEF ADMINISTRATION OFFICER","CHIEF ADMINISTRATIVE OFFICER"
"261","CHIEF ADMINISTRATIVE OFFICER","CHIEF ADMINISTRATIVE OFFICER"
"262","CHIEF ADVANCEMENT OFFICER","CHIEF ADVANCEMENT OFFICER"
"263","CHIEF ARCHITECT","CHIEF ARCHITECT"
"264","CHIEF ARTISTIC OFFICER","CHIEF ARTISTIC OFFICER"
"265","CHIEF BUSINESS DEVELOPMENT OFFICER","CHIEF BUSINESS DEVELOPMENT OFFICER"
"266","CHIEF CIVIC PROGRAMS OFFICER","CHIEF CIVIC PROGRAMS OFFICER"
"267","CHIEF CLERK","CHIEF CLERK"
"268","CHIEF COLLECTIONS OFFICER","CHIEF COLLECTIONS OFFICER"
"269","CHIEF CONTENT OFFICER","CHIEF CONTENT OFFICER"
"270","CHIEF CURATOR","CHIEF CURATOR"
"271","CHIEF DEVELOPMENT O","CHIEF DEVELOPMENT OFFICER"
"272","CHIEF DEVELOPMENT OFFICER","CHIEF DEVELOPMENT OFFICER"
"273","CHIEF OF DEVELOPMENT","CHIEF DEVELOPMENT OFFICER"
"274","CHIEF DIGITAL OFFICER","CHIEF DIGITAL OFFICER"
"275","CHIEF ENGAGEMENT OFFICER","CHIEF ENGAGEMENT OFFICER"
"276","CHIEF HISTORIAN","CHIEF HISTORIAN"
"277","CHIEF HUMAN RESOURCES OFFICER","CHIEF HUMAN RESOURCES OFFICER"
"278","CHIEF IMAM","CHIEF IMAM"
"279","CHIEF INFORMATION OFFICER","CHIEF INFORMATION OFFICER"
"280","CHIEF INNOVATION OFFICER","CHIEF INNOVATION OFFICER"
"281","CHIEF INSIGHTS OFFICER","CHIEF INSIGHTS OFFICER"
"282","CHIEF INSTITUTIONAL ADVANCEMENT OFFICER","CHIEF INSTITUTIONAL ADVANCEMENT OFFICER"
"283","CHIEF LEGAL COUNSEL OF FREE","CHIEF LEGAL OFFICER"
"284","CHIEF LEGAL OFFICER","CHIEF LEGAL OFFICER"
"285","CHIEF MARKETING","CHIEF MARKETING OFFICER"
"286","CHIEF MARKETING AND COMMUNICATIONS","CHIEF MARKETING OFFICER"
"287","CHIEF MARKETING O","CHIEF MARKETING OFFICER"
"288","CHIEF MARKETING OFFICER","CHIEF MARKETING OFFICER"
"289","CHIEF MARSHAL","CHIEF MARSHAL"
"290","CHIEF MECHANICAL OFFICER","CHIEF MECHANICAL OFFICER"
"291","CHIEF OF STA","CHIEF OF STAFF"
"292","CHIEF OF STAFF","CHIEF OF STAFF"
"293","CHIEF PARTNERSHIP OFFICER","CHIEF PARTNERSHIP OFFICER"
"294","CHIEF PHILANTHROPY OFFICER","CHIEF PHILANTHROPY OFFICER"
"295","CHIEF PROGRAMS OFFICER","CHIEF PROGRAMS OFFICER"
"296","CHIEF RELATIONS OFFICER","CHIEF RELATIONS OFFICER"
"297","CHIEF OFFICER OF SCI AND EDU","CHIEF SCIENTIFIC OFFICER"
"298","CHIEF SCIENCE OFFICER","CHIEF SCIENTIFIC OFFICER"
"299","CHIEF SCIENTIFIC OFFICER","CHIEF SCIENTIFIC OFFICER"
"300","CHIEF STRATEGY","CHIEF STRATEGY OFFICER"
"301","CHIEF STRATEGY AND DEVELOPMENT","CHIEF STRATEGY OFFICER"
"302","CHIEF STRATEGY OFFICER","CHIEF STRATEGY OFFICER"
"303","CHIEF SUSTAINABILITY OFFICER","CHIEF SUSTAINABILITY OFFICER"
"304","CHIEF TECHNOLOGY","CHIEF TECHNOLOGY OFFICER"
"305","CHIEF TECHNOLOGY AND PRODUCT","CHIEF TECHNOLOGY OFFICER"
"306","CHIEF TECHNOLOGY OFFICER","CHIEF TECHNOLOGY OFFICER"
"307","CTO","CHIEF TECHNOLOGY OFFICER"
"308","CIVIC DIRECTOR","CIVIC DIRECTOR"
"309","CLERK","CLERK"
"310","CLUB MANAGER","CLUB MANAGER"
"311","CMO","CMO"
"312","COLLECTIONS MANAGER","COLLECTIONS MANAGER"
"313","COMMISSIONER","COMMISSIONER"
"314","ADVOCACY CHAIR","COMMITEE CHAIR"
"315","ARCHIVES CHAIR","COMMITTEE CHAIR"
"316","AUDIT CHAIR","COMMITTEE CHAIR"
"317","AUDIT COMMITTEE CHAIR","COMMITTEE CHAIR"
"318","AWARDS AND RECOGNITION CHAIR","COMMITTEE CHAIR"
"319","BOARD DEVELOPMENT CHAIR","COMMITTEE CHAIR"
"320","CAPITAL PROJECTS CHAIR","COMMITTEE CHAIR"
"321","CHAIR FACILITIES","COMMITTEE CHAIR"
"322","CHAIR OF DEVELOPMENT AND COMMUNICATIONS","COMMITTEE CHAIR"
"323","CHAIR OF DEVELOPMENT COMMITTEE","COMMITTEE CHAIR"
"324","CHAIR OF EDUCATION","COMMITTEE CHAIR"
"325","CHAIR OF FINANCE","COMMITTEE CHAIR"
"326","CHAIR OF FINANCE COMMITTEE","COMMITTEE CHAIR"
"327","COLLECTIONS COMMITTEE CHAIR","COMMITTEE CHAIR"
"328","COMMITTEE CHAIR","COMMITTEE CHAIR"
"329","DEVELOPMENT CHAIR","COMMITTEE CHAIR"
"330","DEVELOPMENT COMMITTEE CHAIR","COMMITTEE CHAIR"
"331","DIRECTOR OF FINANCE","COMMITTEE CHAIR"
"332","EDUCATION CHAIR","COMMITTEE CHAIR"
"333","EDUCATION COMMITTEE CHAIR","COMMITTEE CHAIR"
"334","EDUCATION DIRECTOR","COMMITTEE CHAIR"
"335","EVENTS CHAIR","COMMITTEE CHAIR"
"336","FACILITIES CHAIR","COMMITTEE CHAIR"
"337","FINANCE CHAIR","COMMITTEE CHAIR"
"338","FINANCE COMMITTEE CHAIR","COMMITTEE CHAIR"
"339","FINANCE DIRECTOR","COMMITTEE CHAIR"
"340","FUNDRAISING CHAIR","COMMITTEE CHAIR"
"341","GALA CHAIR","COMMITTEE CHAIR"
"342","GOVERNANCE CHAIR","COMMITTEE CHAIR"
"343","GUILD CHAIR","COMMITTEE CHAIR"
"344","INFLUENCE CHAIR","COMMITTEE CHAIR"
"345","MARKETING CHAIR","COMMITTEE CHAIR"
"346","MEMBERSHIP CHAIR","COMMITTEE CHAIR"
"347","MUSICAL PROGRAMMING CHAIR","COMMITTEE CHAIR"
"348","NOMINATING CHAIR","COMMITTEE CHAIR"
"349","PROGRAMS CHAIR","COMMITTEE CHAIR"
"350","PROGRAMS COMMITTEE CHAIR","COMMITTEE CHAIR"
"351","PROJECTS CHAIR","COMMITTEE CHAIR"
"352","PUBLICITY CHAIR","COMMITTEE CHAIR"
"353","SHOW CHAIR","COMMITTEE CHAIR"
"354","SPECIAL EVENTS CHAIR","COMMITTEE CHAIR"
"355","SPONSORSHIP CHAIR","COMMITTEE CHAIR"
"356","STANDING COMMITTEE CHAIR","COMMITTEE CHAIR"
"357","COMMUNICATIONS","COMMUNICATIONS"
"358","COMPOSER","COMPOSER"
"359","COMPTROLLER","COMPTROLLER"
"360","CONDUCTOR","CONDUCTOR"
"361","CONSULTANT","CONSULTANT"
"362","CONTROLLER","CONTROLLER"
"363","CHIEF OF OPERATIONS AND FINANCE","COO"
"364","CHIEF OPERATING OFFICER","COO"
"365","CHIEF OPERATIONS","COO"
"366","CHIEF OPERATIONS OFFICER","COO"
"367","COO","COO"
"368","DIRECTOR OF OPERATIONS","COO"
"369","OPERATIONS DIRECTOR","COO"
"370","OPERATIONS MANAGER","COO"
"371","VICE PRESIDENT OF OPERATIONS","COO"
"372","COORDINATOR","COORDINATOR"
"373","CORP SECRETARY","CORPORATE SECRETARY"
"374","CORPORATE SECRETARY","CORPORATE SECRETARY"
"375","COUNCILMAN","COUNCILMAN"
"376","COUNCILWOMAN","COUNCILMAN"
"377","COUNSELOR","COUNSELOR"
"378","CREATIVE DIRECTOR","CREATIVE DIRECTOR"
"379","CURATOR","CURATOR"
"380","CURATOR GENERAL","CURATOR"
"381","MUSEUM CURATOR","CURATOR"
"382","CUSTODIAN","CUSTODIAN"
"383","DEAN","DEAN"
"384","DEPUTY CEO","DEPUTY CEO"
"385","DEPUTY GRAND MASTER","DEPUTY CEO"
"386","DEPUTY DIRECTOR","DEPUTY DIRECTOR"
"387","DEVELOPMENT","DEVELOPMENT"
"388","DIRECTOR OF ADMINISTRATION","DIRECTOR OF ADMINISTRATION"
"389","DIRECTOR OF ADVANCEMENT","DIRECTOR OF ADVANCEMENT"
"390","BUSINESS DIRECTOR","DIRECTOR OF BUSINESS"
"391","DIRECTOR OF BUSINESS DEVELOPMENT","DIRECTOR OF BUSINESS DEVELOPMENT"
"392","DIRECTOR OF COMMITTEE","DIRECTOR OF COMMITTEE"
"393","COMMUNICATIONS DIRECTOR","DIRECTOR OF COMMUNICATIONS"
"394","DIRECTOR OF COMMUNICATIONS","DIRECTOR OF COMMUNICATIONS"
"395","DEVELOPMENT DIRECTOR","DIRECTOR OF DEVELOPMENT"
"396","DIRECTOR OF DEVELOPMENT","DIRECTOR OF DEVELOPMENT"
"397","DIRECTOR OF EDUCATION","DIRECTOR OF EDUCATION"
"398","EDUCATION DIRECTOR","DIRECTOR OF EDUCATION"
"399","DIRECTOR OF ENGINEERING","DIRECTOR OF ENGINEERING"
"400","DIRECTOR OF EXTERNAL AFFAIRS","DIRECTOR OF EXTERNAL AFFAIRS"
"401","DIRECTOR OF EXTERNAL RELATIONS","DIRECTOR OF EXTERNAL AFFAIRS"
"402","DIRECTOR OF FACILITIES","DIRECTOR OF FACILITIES"
"403","FACILITIES DIRECTOR","DIRECTOR OF FACILITIES"
"404","DIRECTOR OF FINANCE","DIRECTOR OF FINANCE"
"405","FINANCE DIRECTOR","DIRECTOR OF FINANCE"
"406","HEAD OF FINANCE","DIRECTOR OF FINANCE"
"407","MUSEUM DIRECTOR OF FINANCE","DIRECTOR OF FINANCE"
"408","DIRECTOR OF FINANCE AND ADMINISTRATION","DIRECTOR OF FINANCE AND ADMINISTRATION"
"409","DIRECTOR OF FINANCE AND OPERATIONS","DIRECTOR OF FINANCE AND OPERATIONS"
"410","DIRECTOR OF FUNDRAISING","DIRECTOR OF FUNDRAISING"
"411","DIRECTOR OF INDIVIDUAL GIVING","DIRECTOR OF FUNDRAISING"
"412","FUNDRAISING DIRECTOR","DIRECTOR OF FUNDRAISING"
"413","DIRECTOR OF HUMAN RESOURCES","DIRECTOR OF HUMAN RESOURCES"
"414","DIRECTOR OF IT","DIRECTOR OF INFORMATION TECHNOLOGY"
"415","INFORMATION TECHNOLOGY DIRECTOR","DIRECTOR OF INFORMATION TECHNOLOGY"
"416","IT DIRECTOR","DIRECTOR OF INFORMATION TECHNOLOGY"
"417","DIRECTOR OF MARKETING","DIRECTOR OF MARKETING"
"418","MARKETING DIRECTOR","DIRECTOR OF MARKETING"
"419","DIRECTOR OF MEMBERSHIP","DIRECTOR OF MEMBERSHIP"
"420","MEMBERSHIP DIRECTOR","DIRECTOR OF MEMBERSHIP"
"421","MUSICAL DIRECTOR","DIRECTOR OF MUSIC"
"422","DIRECTOR OF OPERATIONS","DIRECTOR OF OPERATIONS"
"423","DIRECTOR OF OPERATIONS II","DIRECTOR OF OPERATIONS"
"424","OPERATIONS DIRECTOR","DIRECTOR OF OPERATIONS"
"425","DIRECTOR OF PRODUCTION","DIRECTOR OF PRODUCTION"
"426","DIRECTOR OF PROGRAMS","DIRECTOR OF PROGRAMS"
"427","PROGRAMS DIRECTOR","DIRECTOR OF PROGRAMS"
"428","PUBLIC AFFAIRS DIRECTOR","DIRECTOR OF PUBLIC AFFAIRS"
"429","DIRECTOR OF PUBLIC RELATIONS","DIRECTOR OF PUBLIC RELATIONS"
"430","DIRECTOR OF PUBLICITY","DIRECTOR OF PUBLICITY"
"431","DIRECTOR OF RESEARCH","DIRECTOR OF RESEARCH"
"432","DIRECTOR OF TECHNOLOGY","DIRECTOR OF TECHNOLOGY"
"433","TECHNOLOGY DIRECTOR","DIRECTOR OF TECHNOLOGY"
"434","EDITOR","EDITOR"
"435","MANAGING EDITOR","EDITOR"
"436","NEWSLETTER EDITOR","EDITOR"
"437","EDITOR IN CHIEF","EDITOR IN CHIEF"
"438","EDUCATION","EDUCATION"
"439","EDUCATOR","EDUCATOR"
"440","ELDER","ELDER"
"441","EMPLOYEE","EMPLOYEE"
"442","KEY EMPLOYEE","EMPLOYEE"
"443","EVENT COORDINATOR","EVENT COORDINATOR"
"444","EVENTS COORDINATOR","EVENT COORDINATOR"
"445","EVENTS","EVENTS"
"446","EXECUTIVE ARTISTIC DIRECTOR","EXECUTIVE ARTISTIC DIRECTOR"
"447","MANAGING ARTISTIC DIRECTOR","EXECUTIVE ARTISTIC DIRECTOR"
"448","EXECUTIVE ASSISTANT","EXECUTIVE ASSISTANT"
"449","EXECUTIVE EDITOR","EXECUTIVE EDITOR"
"450","EXECUTIVE PRODUCER","EXECUTIVE PRODUCER"
"451","EXECUTIVE SECRETARY","EXECUTIVE SECRETARY"
"452","ESVP","EXECUTIVE SENIOR VICE PRESIDENT"
"453","EXECUTIVE SENIOR VICE PRESIDENT","EXECUTIVE SENIOR VICE PRESIDENT"
"454","E V PRESIDENT","EXECUTIVE VICE PRESIDENT"
"455","E VICE","EXECUTIVE VICE PRESIDENT"
"456","E VICE PRESISDENT","EXECUTIVE VICE PRESIDENT"
"457","EVP","EXECUTIVE VICE PRESIDENT"
"458","EXECUTIVE VICE","EXECUTIVE VICE PRESIDENT"
"459","EXECUTIVE VICE PRESIDENT","EXECUTIVE VICE PRESIDENT"
"460","EXECUTIVE VP","EXECUTIVE VICE PRESIDENT"
"461","FACULTY","FACULTY"
"462","FACULTY REPRESENTATIVE","FACULTY REPRESENTATIVE"
"463","FINANCE","FINANCE"
"464","FINANCE MANAGEMENT","FINANCE MANAGER"
"465","FINANCE MANAGER","FINANCE MANAGER"
"466","FINANCE OFFICER","FINANCE OFFICER"
"467","FOUNDATION MANAGER","FOUNDATION MANAGER"
"468","FOUNDER","FOUNDER"
"469","FOUNDING CHAIR","FOUNDER"
"470","FOUNDING DIRECTOR","FOUNDER"
"471","FOUNDING ARTISTIC DIRECTOR","FOUNDING ARTISTIC DIRECTOR"
"472","FUNDRAISING","FUNDRAISING"
"473","GENEALOGIST","GENEALOGIST"
"474","GENEALOGIST GENERAL","GENEALOGIST"
"475","COUNSEL","GENERAL COUNSEL"
"476","GENERAL COUN","GENERAL COUNSEL"
"477","GENERAL COUNSEL","GENERAL COUNSEL"
"478","LEGAL COUNSE","GENERAL COUNSEL"
"479","LEGAL COUNSEL","GENERAL COUNSEL"
"480","BUSINESS MANAGEMENT","GENERAL MANAGER"
"481","BUSINESS MANAGER","GENERAL MANAGER"
"482","GENERAL MANAGEMENT","GENERAL MANAGER"
"483","GENERAL MANAGER","GENERAL MANAGER"
"484","MANAGER","GENERAL MANAGER"
"485","GOVERNANCE","GOVERNANCE"
"486","GUILD PRESIDENT","GUILD PRESIDENT"
"487","HEAD OF HUMAN RESOURCES","HEAD OF HUMAN RESOURCES"
"488","MANAGING DIRECTOR OF HUMAN RESOURCES","HEAD OF HUMAN RESOURCES"
"489","HEAD TEACHER","HEAD TEACHER"
"490","HISTORIAN","HISTORIAN"
"491","HISTORIAN GENERAL","HISTORIAN"
"492","STATE HISTORIAN","HISTORIAN"
"493","HOSPITALITY","HOSPITALITY"
"494","IMAM","IMAM"
"495","IT MANAGER","INFORMATION TECHNOLOGY MANAGER"
"496","INSTRUCTOR","INSTRUCTOR"
"497","JANITOR","JANITOR"
"498","JUNIOR DIRECTOR","JUNIOR DIRECTOR"
"499","LEGAL ADVISOR","LEGAL ADVISOR"
"500","LEGAL ADVISORY","LEGAL ADVISOR"
"501","LIAISON","LIAISON"
"502","LIBRARIAN","LIBRARIAN"
"503","LIBRARIAN GENERAL","LIBRARIAN"
"504","STATE LIBRARIAN","LIBRARIAN"
"505","LIEUTENANT","LIEUTENANT"
"506","MARKETING","MARKETING"
"507","MARSHAL","MARSHAL"
"508","MARSHALL","MARSHAL"
"509","MEMBERSHIP","MEMBERSHIP"
"510","DIRECTOR OF MUSEUM OPERATIONS","MUSEUM DIRECTOR"
"511","INSTITUTE DIRECTOR","MUSEUM DIRECTOR"
"512","MUSEUM DIRECTOR","MUSEUM DIRECTOR"
"513","MUSIC DIRECTOR","MUSIC DIRECTOR"
"514","OFFICE ADMINISTRATOR","OFFICE ADMINISTRATOR"
"515","OFFICE MANAGEMENT","OFFICE MANAGER"
"516","OFFICE MANAGER","OFFICER MANAGER"
"517","OPERATIONS MANAGER","OPERATIONS MANAGER"
"518","OUTREACH DIRECTOR","OUTREACH DIRECTOR"
"519","OUTREACH MANAGER","OUTREACH MANAGER"
"520","PHILANTHROPY","PHILANTHROPY"
"521","PRINCIPAL","PRINCIPAL"
"522","PRODUCER","PRODUCER"
"523","PRODUCING DIRECTOR","PRODUCING DIRECTOR"
"524","PRODUCTION ASSISTANT","PRODUCTION ASSISTANT"
"525","PRODUCTION MANAGER","PRODUCTION MANAGER"
"526","PROGRAMS","PROGRAMS"
"527","PROGRAMS COORDINATOR","PROGRAMS COORDINATOR"
"528","DIRECTOR OF MUSEUM PRGMS","PROGRAMS DIRECTOR"
"529","DIRECTOR OF PROGRAMMING","PROGRAMS DIRECTOR"
"530","DIRECTOR PROGRAMMING","PROGRAMS DIRECTOR"
"531","PROGRAMS MANAGER","PROGRAMS MANAGER"
"532","PROJECTS MANAGER","PROJECT MANAGER"
"533","PROVOST","PROVOST"
"534","PUBLIC RELATIONS","PUBLIC RELATIONS"
"535","ASSOCIATE PR","PUBLIC RELATIONS ASSOCIATE"
"536","PUBLISHER","PUBLISHER"
"537","REGIONAL MANAGER","REGIONAL MANAGER"
"538","REGIONAL VICE PRESIDENT","REGIONAL VICE PRESIDENT"
"539","RVP","REGIONAL VICE PRESIDENT"
"540","REGISTRAR","REGISTRAR"
"541","STATE REGISTRAR","REGISTRAR"
"542","REGIONAL REPRESENTATIVE","REPRESENTATIVE"
"543","REPRESENTATIVE","REPRESENTATIVE"
"544","ZONE REPRESENTATIVE","REPRESENTATIVE"
"545","FINANCE SECRETARY","SECRETARY"
"546","SECRETARY GENERAL","SECRETARY GENERAL"
"547","SENIOR CURATOR","SENIOR CURATOR"
"548","SENIOR DIRECTOR OF OPERATIONS","SENIOR DIRECTOR OF OPERATIONS"
"549","SENIOR DIRECTOR OF PROGRAMS","SENIOR DIRECTOR OF PROGRAMS"
"550","SENIOR DIRECTOR OF STRATEGY AND ENGAGEMENT","SENIOR DIRECTOR OF STRATEGY AND ENGAGEMENT"
"551","SENIOR EDITOR","SENIOR EDITOR"
"552","SENIOR EXECUTIVE VICE PRESIDENT","SENIOR EXECUTIVE VICE PRESIDENT"
"553","SEVP","SENIOR EXECUTIVE VICE PRESIDENT"
"554","SENIOR INSTRUCTOR","SENIOR INSTRUCTOR"
"555","S VICE","SENIOR VICE PRESIDENT"
"556","S VICE PRESIDENT","SENIOR VICE PRESIDENT"
"557","SENIOR VICE","SENIOR VICE PRESIDENT"
"558","SENIOR VICE PRESIDENT","SENIOR VICE PRESIDENT"
"559","SENIOR VP","SENIOR VICE PRESIDENT"
"560","SRVP","SENIOR VICE PRESIDENT"
"561","SVP","SENIOR VICE PRESIDENT"
"562","SENIOR VICE PRESIDENT OF ADVANCEMENT","SENIOR VICE PRESIDENT OF ADVANCEMENT"
"563","SENIOR VICE PRESIDENT OF BUSINESS DEVELOPMENT","SENIOR VICE PRESIDENT OF BUSINESS DEVELOPMENT"
"564","SENIOR VICE PRESIDENT OF FINANCE AND ADMINISTRATION","SENIOR VICE PRESIDENT OF FINANCE AND ADMINISTRATION"
"565","SENIOR VICE PRESIDENT OF PRODUCTION","SENIOR VICE PRESIDENT OF PRODUCTION"
"566","SERGEANT","SERGEANT AT ARMS"
"567","SERGEANT AT A","SERGEANT AT ARMS"
"568","SERGEANT AT ARMS","SERGEANT AT ARMS"
"569","SERGEANT OF A","SERGEANT AT ARMS"
"570","SPORTS DIRECTOR","SPORTS DIRECTOR"
"571","STAFF","STAFF"
"572","STATION MANAGER","STATION MANAGER"
"573","STUDIO DIRECTOR","STUDIO DIRECTOR"
"574","SURGEON","SURGEON"
"575","SURGEON GENERAL","SURGEON GENERAL"
"576","TEACHER","TEACHER"
"577","TECHNOLOGY","TECHNOLOGY"
"578","BOARD TREASURER","TREASURER"
"579","DIRECTOR TREASURER","TREASURER"
"580","FINANCE OFFICER","TREASURER"
"581","JOINT TREASURER","TREASURER"
"582","TREASURER","TREASURER"
"583","TREASURER DIRECTOR","TREASURER"
"584","TREASURER GENERAL","TREASURER"
"585","TRUSTEE TREASURER","TREASURER"
"586","SHOP STEWARD","UNION REPRESENTATIVE"
"587","CORP VICE PRESIDENT","VICE PRESIDENT"
"588","V PRESIDENT","VICE PRESIDENT"
"589","V-PRESIDENT","VICE PRESIDENT"
"590","VICE","VICE PRESIDENT"
"591","VICE P","VICE PRESIDENT"
"592","VICE PRESIDENT","VICE PRESIDENT"
"593","VP","VICE PRESIDENT"
"594","VICE PRESIDENT OF ADMINISTRATION","VICE PRESIDENT OF ADMINISTRATION"
"595","VICE PRESIDENT OF ADVANCEMENT","VICE PRESIDENT OF ADVANCEMENT"
"596","VICE PRESIDENT OF BUSINESS DEVELOPMENT","VICE PRESIDENT OF BUSINESS DEVELOPMENT"
"597","VICE PRESIDENT OF BUSINESS","VICE PRESIDENT OF BUSINESS OPERATIONS"
"598","VICE PRESIDENT OF BUSINESS OPERATIONS","VICE PRESIDENT OF BUSINESS OPERATIONS"
"599","VICE PRESIDENT OF COMMUNICATIONS","VICE PRESIDENT OF COMMUNICATIONS"
"600","VICE PRESIDENT CORRESPONDING","VICE PRESIDENT OF CORRESPONDENCE"
"601","VICE CHAIR OF DEVELOPMENT","VICE PRESIDENT OF DEVELOPMENT"
"602","VICE PRESIDENT OF DEVELOPMENT","VICE PRESIDENT OF DEVELOPMENT"
"603","VICE CHAIR OF EDUCATION","VICE PRESIDENT OF EDUCATION"
"604","VICE PRESIDENT OF EDUCATION","VICE PRESIDENT OF EDUCATION"
"605","VICE PRESIDENT OF EDUCATION AND GUEST EXPERIENCE","VICE PRESIDENT OF EDUCATION"
"606","VICE PRESIDENT OF EDUCATION AND OUTREACH","VICE PRESIDENT OF EDUCATION"
"607","VICE PRESIDENT OF EDUCATION PROGRAMS","VICE PRESIDENT OF EDUCATION"
"608","VICE PRESIDENT OF EVENTS","VICE PRESIDENT OF EVENTS"
"609","VICE PRESIDENT OF EXHIBITS","VICE PRESIDENT OF EXHIBITS"
"610","VICE PRESIDENT OF EXTERNAL AFFAIRS","VICE PRESIDENT OF EXTERNAL AFFAIRS"
"611","VICE PRESIDENT FACILITIE","VICE PRESIDENT OF FACILITIES"
"612","VICE PRESIDENT FACILITIES","VICE PRESIDENT OF FACILITIES"
"613","VICE PRESIDENT OF BLDG AND GROUNDS","VICE PRESIDENT OF FACILITIES"
"614","VICE PRESIDENT OF BUILDINGS","VICE PRESIDENT OF FACILITIES"
"615","VICE PRESIDENT OF FACILITIES","VICE PRESIDENT OF FACILITIES"
"616","VICE PRESIDENT OF GROUNDS","VICE PRESIDENT OF FACILITIES"
"617","FINANCE VICE PRESIDENT","VICE PRESIDENT OF FINANCE"
"618","VICE CHAIR OF FINANCE","VICE PRESIDENT OF FINANCE"
"619","VICE PRESIDENT FINANCE","VICE PRESIDENT OF FINANCE"
"620","VICE PRESIDENT OF FINANCE","VICE PRESIDENT OF FINANCE"
"621","VICE PRESIDENT, FINANCE","VICE PRESIDENT OF FINANCE"
"622","VP FINANCE","VICE PRESIDENT OF FINANCE"
"623","VP, FINANCE","VICE PRESIDENT OF FINANCE"
"624","VPF","VICE PRESIDENT OF FINANCE"
"625","VICE PRESIDENT OF FINANCE AND OPERATIONS","VICE PRESIDENT OF FINANCE AND OPERATIONS"
"626","VICE PRESIDENT OF FUNDRAISING","VICE PRESIDENT OF FUNDRAISING"
"627","VICE PRESIDENT HEALTH","VICE PRESIDENT OF HEALTH"
"628","VICE PRESIDENT HOSPITALITY","VICE PRESIDENT OF HOSPITALITY"
"629","VICE PRESIDENT HUMAN RESOURCES","VICE PRESIDENT OF HUMAN RESOURCES"
"630","VICE PRESIDENT OF HUMAN RESOURCES","VICE PRESIDENT OF HUMAN RESOURCES"
"631","VICE PRESIDENT, HUMAN RESOURCES","VICE PRESIDENT OF HUMAN RESOURCES"
"632","VP HUMAN","VICE PRESIDENT OF HUMAN RESOURCES"
"633","VP HUMAN RESOURCES","VICE PRESIDENT OF HUMAN RESOURCES"
"634","VP, HUMAN RESOURCES","VICE PRESIDENT OF HUMAN RESOURCES"
"635","VPHR","VICE PRESIDENT OF HUMAN RESOURCES"
"636","VICE PRESIDENT OF INFORMATION TECHNOLOGY","VICE PRESIDENT OF INFORMATION TECHNOLOGY"
"637","VICE PRESIDENT OF IT","VICE PRESIDENT OF INFORMATION TECHNOLOGY"
"638","VICE PRESIDENT OF INSTITUTIONAL ADVANCEMENT","VICE PRESIDENT OF INSTITUTIONAL ADVANCEMENT"
"639","VICE PRESIDENT OF LEGAL","VICE PRESIDENT OF LEGAL"
"640","VICE PRESIDENT MARKETING","VICE PRESIDENT OF MARKETING"
"641","VICE PRESIDENT OF MARKETING","VICE PRESIDENT OF MARKETING"
"642","VICE PRESIDENT OF MARKETING AND COMMUNICATIONS","VICE PRESIDENT OF MARKETING"
"643","VICE PRESIDENT OF MARKETING AND PUBLICITY","VICE PRESIDENT OF MARKETING"
"644","VICE PRESIDENT, MARKETING","VICE PRESIDENT OF MARKETING"
"645","VP MARKETING","VICE PRESIDENT OF MARKETING"
"646","VP, MARKETING","VICE PRESIDENT OF MARKETING"
"647","VICE PRESIDENT MEDICAL AFFAIRS","VICE PRESIDENT OF MEDICAL AFFAIRS"
"648","VICE PRESIDENT OF MEDICAL AFFAIRS","VICE PRESIDENT OF MEDICAL AFFAIRS"
"649","VICE PRESIDENT, MEDICAL AFFAIRS","VICE PRESIDENT OF MEDICAL AFFAIRS"
"650","VP MEDICAL AFFAIRS","VICE PRESIDENT OF MEDICAL AFFAIRS"
"651","VP, MEDICAL AFFAIRS","VICE PRESIDENT OF MEDICAL AFFAIRS"
"652","VPMA","VICE PRESIDENT OF MEDICAL AFFAIRS"
"653","VICE PRESIDENT MEMBERSHI","VICE PRESIDENT OF MEMBERSHIP"
"654","VICE PRESIDENT MEMBERSHIP","VICE PRESIDENT OF MEMBERSHIP"
"655","VICE PRESIDENT OF MEMBERSHIP","VICE PRESIDENT OF MEMBERSHIP"
"656","VICE PRESIDENT OF MUSIC","VICE PRESIDENT OF MUSIC"
"657","VICE PRESIDENT OF MUSIC AND PERFORMANCE","VICE PRESIDENT OF MUSIC"
"658","VICE PRESIDENT OF OPERATIONS","VICE PRESIDENT OF OPERATIONS"
"659","VICE PRESIDENT OPERATIONS","VICE PRESIDENT OF OPERATIONS"
"660","VICE PRESIDENT, OPERATIONS","VICE PRESIDENT OF OPERATIONS"
"661","VP OPERATIONS","VICE PRESIDENT OF OPERATIONS"
"662","VP, OPERATIONS","VICE PRESIDENT OF OPERATIONS"
"663","VPO","VICE PRESIDENT OF OPERATIONS"
"664","VICE PRESIDENT OF PRODUCTION","VICE PRESIDENT OF PRODUCTION"
"665","VICE PRESIDENT OF PROGRAMS","VICE PRESIDENT OF PROGRAMS"
"666","VICE PRESIDENT PROGRAMS","VICE PRESIDENT OF PROGRAMS"
"667","VICE PRESIDENT PROJECTS","VICE PRESIDENT OF PROJECTS"
"668","VICE PRESIDENT OF PUBLIC AFFAIRS","VICE PRESIDENT OF PUBLIC RELATIONS"
"669","VICE PRESIDENT OF PUBLIC RELATIONS","VICE PRESIDENT OF PUBLIC RELATIONS"
"670","VICE PRESIDENT OF PUBLICITY","VICE PRESIDENT OF PUBLICITY"
"671","VICE PRESIDENT OF RESEARCH","VICE PRESIDENT OF RESEARCH"
"672","VICE PRESIDENT OF SALES","VICE PRESIDENT OF SALES"
"673","VICE PRESIDENT SALES","VICE PRESIDENT OF SALES"
"674","VICE PRESIDENT, SALES","VICE PRESIDENT OF SALES"
"675","VP SALES","VICE PRESIDENT OF SALES"
"676","VP, SALES","VICE PRESIDENT OF SALES"
"677","VICE PRESIDENT OF SALES AND MARKETING","VICE PRESIDENT OF SALES AND MARKETING"
"678","VICE PRESIDENT OF STRATEGY","VICE PRESIDENT OF STRATEGY"
"679","VICE PRESIDENT OF STRATEGY INITATIVES","VICE PRESIDENT OF STRATEGY"
"680","VICE PRESIDENT OF STRATEGY INITIATIVES","VICE PRESIDENT OF STRATEGY"
"681","VICE PRESIDENT OF TECHNOLOGY","VICE PRESIDENT OF TECHNOLOGY"
"682","VOLUNTEER","VOLUNTEER"
"683","VOLUNTEER COORDINATOR","VOLUNTEER COORDINATOR"
"684","WARDEN","WARDEN"
"685","WEBMASTER","WEBMASTER"
"686","WRITER","WRITER"
"687","YOURTH DIRECTOR","YOUTH DIRECTOR"
